INSERT INTO Iscritto (Email, Cognome, Nome, DataNascita, Foto, Ruolo, Password) VALUES
('mario.rossi@email.com', 'Rossi', 'Mario', '1980-05-15', 'path/to/foto_mr.jpg', 'docente', '$2y$12$kGNZOReM7EH5tjTGK9yA/eCNp5LSKYgq.ufRqSg4pIh796zSbyODW'),
('anna.verdi@email.com', 'Verdi', 'Anna', '1985-09-20', 'path/to/foto_av.jpg', 'docente', '$2y$12$ub1aRRX.d7eCWHSlA0PISezt8ntRKtdAH50ja6H/cgglu/e9zYtbC'),
('luca.bianchi@email.com', 'Bianchi', 'Luca', '2002-11-30', 'path/to/foto_lb.jpg', 'studente', '$2y$12$4TZrgkpePjVizwryrbR6HOhOEwMHKm8tgMRvWHeumNogR7fiS8ScC'),
('sara.neri@email.com', 'Neri', 'Sara', '2003-03-10', 'path/to/foto_sn.jpg', 'studente', '$2y$12$axdOm7tvi3UdFTuSuPL.gO01DZ.7xcRYMuqARLRtl9lxvUha5lMQa'),
('paolo.gialli@email.com', 'Gialli', 'Paolo', '2001-07-25', 'path/to/foto_pg.jpg', 'studente', '$2y$12$WLG5hv5u9tnqW99k6WlD7.1pETSeH9GvX80gYm56sBEj0NeufNKGi'),
('elisa.bruni@email.com', 'Bruni', 'Elisa', '1990-01-18', 'path/to/foto_eb.jpg', 'tecnico', '$2y$12$xUguuNOUNMjNjUuP5ONpkOu4h60DdQ1LLQ1Cn8fD8JHWZ3Z3SDRrW'),
('giulia.russo@email.com', 'Russo', 'Giulia', '2004-02-14', 'path/to/foto_gr.jpg', 'studente', '$2y$12$/1z/qWEHsa5N1Z0ah9fggugLMxnbEjaZbRTxv0wkCP30j4e91kpua'),
('davide.romano@email.com', 'Romano', 'Davide', '1975-12-05', 'path/to/foto_dr.jpg', 'docente', '$2y$12$lHqzwDmwP2nj1trIMM/s9Oi5sbJ9OMhdrerRoVcbx4Kd0xtdKO14G'),
('marco.ferrari@email.com', 'Ferrari', 'Marco', '1988-04-22', 'path/to/foto_mf.jpg', 'docente', '$2y$12$29OqDbGYrGdCBJ1aaOyPC.O20c4shDZZF33br/RjyRnuwc/ohqOS.'),
('chiara.lombardi@email.com', 'Lombardi', 'Chiara', '2005-08-09', 'path/to/foto_cl.jpg', 'studente', '$2y$12$ZJOrJ1N8YIBqq8C8/j6/euWLbYXdcKdaD6w2ivBzgNTClK34PahJW'),
('fabio.gallo@email.com', 'Gallo', 'Fabio', '2002-01-17', 'path/to/foto_fg.jpg', 'studente', '$2y$12$B7m/fj7BEb.qSPXxqpniQ.umt.XpdL4QDP2k.0KaD1Ic0zUTnbvOm'),
('alessandra.costa@email.com', 'Costa', 'Alessandra', '1992-06-30', 'path/to/foto_ac.jpg', 'tecnico', '$2y$12$AKzHJe9rokomAa3tmBPtl.G2EEZ0R1bSlRXe3u/6oBAym0EEwblPC'),
('matteo.caruso@email.com', 'Caruso', 'Matteo', '2003-09-12', 'path/to/foto_mc.jpg', 'studente', '$2y$12$E5nI6IzYuOWWdzlUWgCZG.wvtupDOz/3vdbW//aDDmveCnQX2QeNW'),
('isabella.santoro@email.com', 'Santoro', 'Isabella', '2001-05-28', 'path/to/foto_is.jpg', 'studente', '$2y$12$G4HrVId2GIQNDEn.5pXlN.gVxJ33HBwoDTZCn/DZHrRhqjky36N1y'),
('vincenzo.leone@email.com', 'Leone', 'Vincenzo', '1987-11-08', 'path/to/foto_vl.jpg', 'docente', '$2y$12$yPIi3jyZO6fbXKFqBhjUpuOn.FpdNCEzuUKsnwABdXT8JwSyU812u'),
('federica.morelli@email.com', 'Morelli', 'Federica', '2004-03-19', 'path/to/foto_fm.jpg', 'studente', '$2y$12$ppqtCLkYWSVQ.tt9G.bpd.iCQUoTOH.a7VJxb11yA/v2MOuGfZqgu'),
('giovanni.riva@email.com', 'Riva', 'Giovanni', '2002-10-05', 'path/to/foto_gr2.jpg', 'studente', '$2y$12$RqfVllqPZHGoIIqpSvuFzeqNh2PYRokIw9DjlGwE57nr0TYiaHmIa'),
('daniela.marchetti@email.com', 'Marchetti', 'Daniela', '1993-07-14', 'path/to/foto_dm.jpg', 'tecnico', '$2y$12$lcnaAhAyF5NY1wTTY9HFJujQYUqaYyoUV1N8cq/iVf5TNq3McdoI.');
INSERT INTO Settore (Nome, Tipologia, ResponsabileEmail) VALUES
('Musica Classica', 'musica', 'mario.rossi@email.com'),
('Danza Moderna', 'danza', 'anna.verdi@email.com'),
('Recitazione', 'teatro', 'davide.romano@email.com'),
('Musica Rock', 'musica', 'marco.ferrari@email.com'),
('Teatro Sperimentale', 'teatro', 'vincenzo.leone@email.com'),
('Danza Contemporanea', 'danza', NULL),
('Musica Jazz', 'musica', NULL),
('Performance Art', 'teatro', NULL);

INSERT INTO Iscrizione (IscrittoEmail, SettoreNome) VALUES
('mario.rossi@email.com', 'Musica Classica'),
('mario.rossi@email.com', 'Musica Rock'),
('anna.verdi@email.com', 'Danza Moderna'),
('davide.romano@email.com', 'Recitazione'),
('marco.ferrari@email.com', 'Musica Rock'),
('marco.ferrari@email.com', 'Musica Jazz'),
('luca.bianchi@email.com', 'Musica Classica'),
('luca.bianchi@email.com', 'Recitazione'),
('sara.neri@email.com', 'Danza Moderna'),
('sara.neri@email.com', 'Danza Contemporanea'),
('paolo.gialli@email.com', 'Musica Rock'),
('paolo.gialli@email.com', 'Musica Jazz'),
('elisa.bruni@email.com', 'Musica Classica'),
('giulia.russo@email.com', 'Danza Moderna'),
('chiara.lombardi@email.com', 'Danza Moderna'),
('chiara.lombardi@email.com', 'Danza Contemporanea'),
('fabio.gallo@email.com', 'Musica Rock'),
('fabio.gallo@email.com', 'Musica Jazz'),
('alessandra.costa@email.com', 'Musica Classica'),
('matteo.caruso@email.com', 'Recitazione'),
('matteo.caruso@email.com', 'Teatro Sperimentale'),
('isabella.santoro@email.com', 'Danza Moderna'),
('vincenzo.leone@email.com', 'Teatro Sperimentale'),
('vincenzo.leone@email.com', 'Recitazione'),
('federica.morelli@email.com', 'Danza Contemporanea'),
('giovanni.riva@email.com', 'Musica Jazz'),
('giovanni.riva@email.com', 'Musica Rock');

INSERT INTO SalaProve (NumAula, Capienza, SettoreNome) VALUES
('M01', 10, 'Musica Classica'),
('M02', 5, 'Musica Classica'),
('M03', 8, 'Musica Classica'),
('M04', 12, 'Musica Rock'),
('M05', 6, 'Musica Jazz'),
('D01', 15, 'Danza Moderna'),
('D02', 20, 'Danza Moderna'),
('D03', 18, 'Danza Contemporanea'),
('T01', 25, 'Recitazione'),
('T02', 20, 'Teatro Sperimentale'),
('T03', 22, 'Recitazione'),
('R01', 8, 'Musica Rock');

INSERT INTO Strumentazione (ID, NumAula, Tipologia, Descrizione) VALUES
(1, 'M01', 'strumenti musicali', 'Pianoforte a coda Steinway & Sons'),
(2, 'M01', 'impianti audio', 'Impianto di registrazione stereo'),
(3, 'M02', 'strumenti musicali', 'Pianoforte verticale'),
(4, 'M03', 'impianti audio', 'Mixer audio 16 canali'),
(5, 'M04', 'strumenti musicali', 'Amplificatore chitarra Marshall'),
(6, 'M04', 'impianti audio', 'Batteria elettronica Roland'),
(7, 'M05', 'strumenti musicali', 'Pianoforte digitale Yamaha'),
(8, 'M05', 'impianti audio', 'Sistema audio surround'),
(9, 'D01', 'specchi', 'Parete a specchio 10x3m'),
(10, 'D01', 'attrezzature', 'Sbarra per danza'),
(11, 'D02', 'specchi', 'Parete a specchio 12x3m con sbarre'),
(12, 'D02', 'attrezzature', 'Tappetini palestra'),
(13, 'D03', 'specchi', 'Parete a specchio 10x4m'),
(14, 'D03', 'attrezzature', 'Pedana mobile'),
(15, 'T01', 'palcoscenico', 'Palco modulare 5x4m'),
(16, 'T01', 'impianti audio', 'Sistema di illuminazione scenica'),
(17, 'T02', 'palcoscenico', 'Palco sperimentale 4x4m'),
(18, 'T02', 'attrezzature', 'Scaffalature e props'),
(19, 'T03', 'palcoscenico', 'Palco modulare 5x5m'),
(20, 'T03', 'impianti audio', 'Impianto audio avanzato'),
(21, 'R01', 'strumenti musicali', 'Batteria acustica completa'),
(22, 'R01', 'attrezzature', 'Amplificatore basso');

INSERT INTO Prenotazione (IDPrenotazione, DataPren, OraInizio, OraFine, Attivita, NumAula, ResponsabileEmail) VALUES
(1, '2025-11-10', '15:00:00', '17:00:00', 'Prove orchestra', 'M01', 'mario.rossi@email.com'),
(2, '2025-11-10', '17:00:00', '19:00:00', 'Coreografia di gruppo', 'D01', 'anna.verdi@email.com'),
(3, '2025-11-11', '10:00:00', '13:00:00', 'Lettura copione', 'T01', 'davide.romano@email.com'),
(4, '2025-11-12', '11:00:00', '12:00:00', 'Lezione di piano individuale', 'M02', 'mario.rossi@email.com'),
(5, '2025-11-12', '16:00:00', '18:00:00', 'Prove band rock', 'R01', 'marco.ferrari@email.com'),
(6, '2025-11-13', '14:00:00', '16:00:00', 'Riscaldamento e stretching', 'D02', 'anna.verdi@email.com'),
(7, '2025-11-13', '18:00:00', '20:00:00', 'Sessione di improvvisazione', 'T01', 'davide.romano@email.com'),
(8, '2025-11-14', '09:00:00', '11:00:00', 'Prova ensemble classico', 'M03', 'mario.rossi@email.com'),
(9, '2025-11-14', '14:00:00', '16:00:00', 'Workshop danza contemporanea', 'D03', 'anna.verdi@email.com'),
(10, '2025-11-15', '10:00:00', '12:00:00', 'Prove jazz band', 'M05', 'marco.ferrari@email.com'),
(11, '2025-11-15', '15:00:00', '17:00:00', 'Lezione di recitazione', 'T02', 'davide.romano@email.com'),
(12, '2025-11-16', '11:00:00', '13:00:00', 'Prova coreografia avanzata', 'D01', 'anna.verdi@email.com'),
(13, '2025-11-16', '16:00:00', '18:00:00', 'Sessione di registrazione', 'M01', 'mario.rossi@email.com'),
(14, '2025-11-17', '13:00:00', '15:00:00', 'Prove performance art', 'T03', 'vincenzo.leone@email.com'),
(15, '2025-11-17', '17:00:00', '19:00:00', 'Riunione ensemble rock', 'M04', 'marco.ferrari@email.com'),
(16, '2025-11-18', '10:00:00', '12:00:00', 'Lezione magistrale pianoforte', 'M02', 'mario.rossi@email.com'),
(17, '2025-11-18', '14:00:00', '16:00:00', 'Prova spettacolo teatrale', 'T01', 'davide.romano@email.com'),
(18, '2025-11-19', '09:00:00', '11:00:00', 'Workshop musica jazz', 'M05', 'marco.ferrari@email.com'),
(19, '2025-11-19', '15:00:00', '17:00:00', 'Allenamento danza contemporanea', 'D03', 'anna.verdi@email.com'),
(20, '2025-11-20', '11:00:00', '13:00:00', 'Prova coreografia', 'D02', 'anna.verdi@email.com'),
(21, '2025-11-20', '16:00:00', '18:00:00', 'Sessione teatro sperimentale', 'T02', 'vincenzo.leone@email.com'),
(22, '2025-11-21', '10:00:00', '12:00:00', 'Prove musica classica', 'M01', 'mario.rossi@email.com'),
(23, '2025-11-21', '14:00:00', '16:00:00', 'Lezione danza moderna', 'D01', 'anna.verdi@email.com'),
(24, '2025-11-22', '13:00:00', '15:00:00', 'Prova recitazione', 'T03', 'davide.romano@email.com'),
(25, '2025-11-22', '17:00:00', '19:00:00', 'Prove band rock', 'R01', 'marco.ferrari@email.com');

INSERT INTO Invito (IDPrenotazione, IscrittoEmail, Accettazione, Motivazione, DataRisposta) VALUES
(1, 'mario.rossi@email.com', TRUE, NULL, '2025-11-01 10:00:00'),
(1, 'luca.bianchi@email.com', TRUE, NULL, '2025-11-02 11:30:00'),
(1, 'elisa.bruni@email.com', FALSE, 'Conflitto orario con un altro impegno.', '2025-11-03 09:00:00'),
(1, 'alessandra.costa@email.com', TRUE, NULL, '2025-11-01 14:00:00'),
(2, 'anna.verdi@email.com', TRUE, NULL, '2025-11-01 10:05:00'),
(2, 'sara.neri@email.com', TRUE, NULL, '2025-11-04 15:20:00'),
(2, 'giulia.russo@email.com', NULL, NULL, NULL),
(2, 'chiara.lombardi@email.com', TRUE, NULL, '2025-11-02 09:00:00'),
(3, 'davide.romano@email.com', TRUE, NULL, '2025-11-02 14:00:00'),
(3, 'luca.bianchi@email.com', TRUE, NULL, '2025-11-03 18:00:00'),
(3, 'elisa.bruni@email.com', TRUE, NULL, '2025-11-05 12:00:00'),
(3, 'matteo.caruso@email.com', TRUE, NULL, '2025-11-02 16:00:00'),
(4, 'mario.rossi@email.com', TRUE, NULL, '2025-11-03 11:00:00'),
(4, 'luca.bianchi@email.com', FALSE, 'Indisponibile', '2025-11-04 10:00:00'),
(5, 'marco.ferrari@email.com', TRUE, NULL, '2025-11-04 09:00:00'),
(5, 'paolo.gialli@email.com', TRUE, NULL, '2025-11-05 17:45:00'),
(5, 'fabio.gallo@email.com', TRUE, NULL, '2025-11-03 14:00:00'),
(5, 'giovanni.riva@email.com', TRUE, NULL, '2025-11-04 18:00:00'),
(6, 'anna.verdi@email.com', TRUE, NULL, '2025-11-05 13:00:00'),
(6, 'sara.neri@email.com', NULL, NULL, NULL),
(6, 'giulia.russo@email.com', TRUE, NULL, '2025-11-06 16:00:00'),
(6, 'isabella.santoro@email.com', TRUE, NULL, '2025-11-05 15:00:00'),
(7, 'davide.romano@email.com', TRUE, NULL, '2025-11-06 10:20:00'),
(7, 'luca.bianchi@email.com', NULL, NULL, NULL),
(7, 'matteo.caruso@email.com', TRUE, NULL, '2025-11-06 11:00:00'),
(8, 'mario.rossi@email.com', TRUE, NULL, '2025-11-08 09:00:00'),
(8, 'luca.bianchi@email.com', TRUE, NULL, '2025-11-08 10:30:00'),
(8, 'elisa.bruni@email.com', TRUE, NULL, '2025-11-08 11:00:00'),
(8, 'alessandra.costa@email.com', FALSE, 'Impegno precedente', '2025-11-08 08:00:00'),
(9, 'anna.verdi@email.com', TRUE, NULL, '2025-11-09 14:00:00'),
(9, 'sara.neri@email.com', TRUE, NULL, '2025-11-09 15:00:00'),
(9, 'chiara.lombardi@email.com', TRUE, NULL, '2025-11-09 15:30:00'),
(9, 'federica.morelli@email.com', TRUE, NULL, '2025-11-09 16:00:00'),
(10, 'marco.ferrari@email.com', TRUE, NULL, '2025-11-10 09:00:00'),
(10, 'paolo.gialli@email.com', TRUE, NULL, '2025-11-10 10:00:00'),
(10, 'fabio.gallo@email.com', TRUE, NULL, '2025-11-10 10:30:00'),
(10, 'giovanni.riva@email.com', TRUE, NULL, '2025-11-10 11:00:00'),
(11, 'davide.romano@email.com', TRUE, NULL, '2025-11-11 14:00:00'),
(11, 'matteo.caruso@email.com', TRUE, NULL, '2025-11-11 15:00:00'),
(11, 'luca.bianchi@email.com', TRUE, NULL, '2025-11-11 15:30:00'),
(12, 'anna.verdi@email.com', TRUE, NULL, '2025-11-12 10:00:00'),
(12, 'sara.neri@email.com', TRUE, NULL, '2025-11-12 11:00:00'),
(12, 'giulia.russo@email.com', TRUE, NULL, '2025-11-12 11:30:00'),
(12, 'isabella.santoro@email.com', NULL, NULL, NULL),
(13, 'mario.rossi@email.com', TRUE, NULL, '2025-11-13 09:00:00'),
(13, 'elisa.bruni@email.com', TRUE, NULL, '2025-11-13 10:00:00'),
(13, 'luca.bianchi@email.com', FALSE, 'Studio per esami', '2025-11-13 08:30:00'),
(14, 'vincenzo.leone@email.com', TRUE, NULL, '2025-11-14 13:00:00'),
(14, 'matteo.caruso@email.com', TRUE, NULL, '2025-11-14 14:00:00'),
(14, 'davide.romano@email.com', TRUE, NULL, '2025-11-14 14:30:00'),
(15, 'marco.ferrari@email.com', TRUE, NULL, '2025-11-15 16:00:00'),
(15, 'paolo.gialli@email.com', TRUE, NULL, '2025-11-15 17:00:00'),
(15, 'fabio.gallo@email.com', TRUE, NULL, '2025-11-15 17:30:00'),
(15, 'giovanni.riva@email.com', NULL, NULL, NULL),
(16, 'mario.rossi@email.com', TRUE, NULL, '2025-11-14 09:00:00'),
(16, 'luca.bianchi@email.com', TRUE, NULL, '2025-11-14 10:00:00'),
(16, 'alessandra.costa@email.com', TRUE, NULL, '2025-11-14 10:30:00'),
(17, 'davide.romano@email.com', TRUE, NULL, '2025-11-15 13:00:00'),
(17, 'matteo.caruso@email.com', TRUE, NULL, '2025-11-15 14:00:00'),
(17, 'luca.bianchi@email.com', TRUE, NULL, '2025-11-15 14:30:00'),
(17, 'isabella.santoro@email.com', TRUE, NULL, '2025-11-15 15:00:00'),
(18, 'marco.ferrari@email.com', TRUE, NULL, '2025-11-17 09:00:00'),
(18, 'paolo.gialli@email.com', TRUE, NULL, '2025-11-17 10:00:00'),
(18, 'giovanni.riva@email.com', TRUE, NULL, '2025-11-17 10:30:00'),
(18, 'fabio.gallo@email.com', TRUE, NULL, '2025-11-17 11:00:00'),
(19, 'anna.verdi@email.com', TRUE, NULL, '2025-11-18 14:00:00'),
(19, 'sara.neri@email.com', TRUE, NULL, '2025-11-18 15:00:00'),
(19, 'chiara.lombardi@email.com', NULL, NULL, NULL),
(19, 'federica.morelli@email.com', TRUE, NULL, '2025-11-18 15:30:00'),
(20, 'anna.verdi@email.com', TRUE, NULL, '2025-11-19 10:00:00'),
(20, 'giulia.russo@email.com', TRUE, NULL, '2025-11-19 11:00:00'),
(20, 'isabella.santoro@email.com', TRUE, NULL, '2025-11-19 11:30:00'),
(20, 'sara.neri@email.com', TRUE, NULL, '2025-11-19 12:00:00'),
(21, 'vincenzo.leone@email.com', TRUE, NULL, '2025-11-19 15:00:00'),
(21, 'davide.romano@email.com', TRUE, NULL, '2025-11-19 16:00:00'),
(21, 'matteo.caruso@email.com', TRUE, NULL, '2025-11-19 16:30:00'),
(22, 'mario.rossi@email.com', TRUE, NULL, '2025-11-19 09:00:00'),
(22, 'luca.bianchi@email.com', TRUE, NULL, '2025-11-19 10:00:00'),
(22, 'elisa.bruni@email.com', TRUE, NULL, '2025-11-19 10:30:00'),
(22, 'alessandra.costa@email.com', TRUE, NULL, '2025-11-19 11:00:00'),
(23, 'anna.verdi@email.com', TRUE, NULL, '2025-11-20 13:00:00'),
(23, 'sara.neri@email.com', TRUE, NULL, '2025-11-20 14:00:00'),
(23, 'giulia.russo@email.com', TRUE, NULL, '2025-11-20 14:30:00'),
(23, 'chiara.lombardi@email.com', TRUE, NULL, '2025-11-20 15:00:00'),
(24, 'davide.romano@email.com', TRUE, NULL, '2025-11-21 12:00:00'),
(24, 'luca.bianchi@email.com', TRUE, NULL, '2025-11-21 13:00:00'),
(24, 'matteo.caruso@email.com', TRUE, NULL, '2025-11-21 13:30:00'),
(24, 'isabella.santoro@email.com', NULL, NULL, NULL),
(25, 'marco.ferrari@email.com', TRUE, NULL, '2025-11-21 16:00:00'),
(25, 'paolo.gialli@email.com', TRUE, NULL, '2025-11-21 17:00:00'),
(25, 'fabio.gallo@email.com', TRUE, NULL, '2025-11-21 17:30:00'),
(25, 'giovanni.riva@email.com', TRUE, NULL, '2025-11-21 18:00:00');
